priority,symbol,identifier,open,dayHigh,dayLow,lastPrice,previousClose,change,pChange,ffmc,yearHigh,yearLow,totalTradedVolume,stockIndClosePrice,totalTradedValue,lastUpdateTime,nearWKH,nearWKL,perChange365d,perChange30d,date365dAgo,date30dAgo,chartTodayPath,chart30dPath,chart365dPath,series,meta
1,NIFTY 50,NIFTY 50,25605.8,25703.95,25491.9,25693.7,25642.8,50.900000000001455,0.2,1167290717.72,26373.2,21743.65,375476124,0,297772293065.38,06-Feb-2026 16:00:00,2.5764791530796414,-18.166453194380885,8.43,-1.85,05-Feb-2025,06-Jan-2026,https://nsearchives.nseindia.com/today/NIFTY-50.svg,https://nsearchives.nseindia.com/30d/NIFTY-50.svg,https://nsearchives.nseindia.com/365d/NIFTY-50.svg,,
0,ITC,ITCEQN,310.0,327.7,308.3,326.35,310.2,16.15,5.21,3136381045892.04,455.85,302.0,68057745,0,21959512001.7,,28.40846769770758,-8.062913907284775,-27.3,-4.86,05-Feb-2025,06-Jan-2026,https://nsearchives.nseindia.com/today/ITCEQN.svg,https://nsearchives.nseindia.com/30d/ITC-EQ.svg,https://nsearchives.nseindia.com/365d/ITC-EQ.svg,EQ,"{'symbol': 'ITC', 'companyName': 'ITC Limited', 'industry': 'Diversified FMCG', 'activeSeries': ['EQ', 'T0'], 'debtSeries': [], 'isFNOSec': True, 'isCASec': False, 'isSLBSec': True, 'isDebtSec': False, 'isSuspended': False, 'tempSuspendedSeries': [], 'isETFSec': False, 'isDelisted': False, 'isin': 'INE154A01025', 'slb_isin': 'INE154A01025', 'listingDate': '1995-08-23', 'isMunicipalBond': False, 'isHybridSymbol': False, 'segment': 'EQUITY', 'quotepreopenstatus': {'equityTime': '06-Feb-2026 16:00:00', 'preOpenTime': '06-Feb-2026 09:07:55', 'QuotePreOpenFlag': False}}"
0,KOTAKBANK,KOTAKBANKEQN,411.0,424.65,410.3,422.35,408.75,13.6,3.33,3097259190302.43,460.38,378.78,21228778,0,8879148686.28,,8.260567357400403,-11.502719256560551,-77.91,-80.32,05-Feb-2025,06-Jan-2026,https://nsearchives.nseindia.com/today/KOTAKBANKEQN.svg,https://nsearchives.nseindia.com/30d/KOTAKBANK-EQ.svg,https://nsearchives.nseindia.com/365d/KOTAKBANK-EQ.svg,EQ,"{'symbol': 'KOTAKBANK', 'companyName': 'Kotak Mahindra Bank Limited', 'industry': 'Private Sector Bank', 'activeSeries': ['EQ', 'T0'], 'debtSeries': [], 'isFNOSec': True, 'isCASec': False, 'isSLBSec': True, 'isDebtSec': False, 'isSuspended': False, 'tempSuspendedSeries': ['IL'], 'isETFSec': False, 'isDelisted': False, 'isin': 'INE237A01036', 'slb_isin': 'INE237A01036', 'listingDate': '1995-12-20', 'isMunicipalBond': False, 'isHybridSymbol': False, 'segment': 'EQUITY', 'quotepreopenstatus': {'equityTime': '06-Feb-2026 16:00:00', 'preOpenTime': '06-Feb-2026 09:07:55', 'QuotePreOpenFlag': False}}"
0,HINDUNILVR,HINDUNILVREQN,2354.4,2429.0,2337.5,2421.0,2354.4,66.6,2.83,2142566468606.56,2750.0,2136.0,1421995,0,3407754137.7,,11.963636363636363,-13.342696629213483,1.39,-0.02,05-Feb-2025,06-Jan-2026,https://nsearchives.nseindia.com/today/HINDUNILVREQN.svg,https://nsearchives.nseindia.com/30d/HINDUNILVR-EQ.svg,https://nsearchives.nseindia.com/365d/HINDUNILVR-EQ.svg,EQ,"{'symbol': 'HINDUNILVR', 'companyName': 'Hindustan Unilever Limited', 'industry': 'Diversified FMCG', 'activeSeries': ['EQ', 'T0'], 'debtSeries': [], 'isFNOSec': True, 'isCASec': False, 'isSLBSec': True, 'isDebtSec': False, 'isSuspended': False, 'tempSuspendedSeries': [], 'isETFSec': False, 'isDelisted': False, 'isin': 'INE030A01027', 'slb_isin': 'INE030A01027', 'listingDate': '1995-07-06', 'isMunicipalBond': False, 'isHybridSymbol': False, 'segment': 'EQUITY', 'quotepreopenstatus': {'equityTime': '06-Feb-2026 16:00:00', 'preOpenTime': '06-Feb-2026 09:07:55', 'QuotePreOpenFlag': False}}"
0,BAJFINANCE,BAJFINANCEEQN,973.95,986.5,966.1,982.0,964.75,17.25,1.79,2600038597339.42,1102.5,802.5,13742927,0,13441407181.62,,10.929705215419501,-22.36760124610592,-88.46,0.45,05-Feb-2025,06-Jan-2026,https://nsearchives.nseindia.com/today/BAJFINANCEEQN.svg,https://nsearchives.nseindia.com/30d/BAJFINANCE-EQ.svg,https://nsearchives.nseindia.com/365d/BAJFINANCE-EQ.svg,EQ,"{'symbol': 'BAJFINANCE', 'companyName': 'Bajaj Finance Limited', 'industry': 'Non Banking Financial Company (NBFC)', 'activeSeries': ['EQ', 'T0'], 'debtSeries': [], 'isFNOSec': True, 'isCASec': False, 'isSLBSec': True, 'isDebtSec': False, 'isSuspended': False, 'tempSuspendedSeries': ['N1', 'W1'], 'isETFSec': False, 'isDelisted': False, 'isin': 'INE296A01032', 'slb_isin': 'INE296A01032', 'listingDate': '2003-04-01', 'isMunicipalBond': False, 'isHybridSymbol': False, 'segment': 'EQUITY', 'quotepreopenstatus': {'equityTime': '06-Feb-2026 16:00:00', 'preOpenTime': '06-Feb-2026 09:07:55', 'QuotePreOpenFlag': False}}"
0,BHARTIARTL,BHARTIARTLEQN,1994.0,2049.7,1988.5,2023.0,1992.4,30.6,1.54,5621295823692.82,2174.5,1559.5,13870403,0,28035829471.81,,6.9671188779029665,-29.721064443731965,22.76,-3.18,05-Feb-2025,06-Jan-2026,https://nsearchives.nseindia.com/today/BHARTIARTLEQN.svg,https://nsearchives.nseindia.com/30d/BHARTIARTL-EQ.svg,https://nsearchives.nseindia.com/365d/BHARTIARTL-EQ.svg,EQ,"{'symbol': 'BHARTIARTL', 'companyName': 'Bharti Airtel Limited', 'industry': 'Telecom - Cellular & Fixed line services', 'activeSeries': ['EQ', 'T0'], 'debtSeries': [], 'isFNOSec': True, 'isCASec': False, 'isSLBSec': True, 'isDebtSec': False, 'isSuspended': False, 'tempSuspendedSeries': ['IL'], 'isETFSec': False, 'isDelisted': False, 'isin': 'INE397D01024', 'slb_isin': 'INE397D01024', 'listingDate': '2002-02-15', 'isMunicipalBond': False, 'isHybridSymbol': False, 'segment': 'EQUITY', 'quotepreopenstatus': {'equityTime': '06-Feb-2026 16:00:00', 'preOpenTime': '06-Feb-2026 09:07:55', 'QuotePreOpenFlag': False}}"
0,POWERGRID,POWERGRIDEQN,292.2,293.5,289.4,292.8,289.35,3.45,1.19,1322530238047.38,322.0,247.3,19951107,0,5825723244.0,,9.068322981366457,-18.398706025070762,2.65,9.01,05-Feb-2025,06-Jan-2026,https://nsearchives.nseindia.com/today/POWERGRIDEQN.svg,https://nsearchives.nseindia.com/30d/POWERGRID-EQ.svg,https://nsearchives.nseindia.com/365d/POWERGRID-EQ.svg,EQ,"{'symbol': 'POWERGRID', 'companyName': 'Power Grid Corporation of India Limited', 'industry': 'Power - Transmission', 'activeSeries': ['EQ'], 'debtSeries': [], 'isFNOSec': True, 'isCASec': False, 'isSLBSec': False, 'isDebtSec': True, 'isSuspended': False, 'tempSuspendedSeries': ['IL'], 'isETFSec': False, 'isDelisted': False, 'isin': 'INE752E01010', 'listingDate': '2007-10-05', 'isMunicipalBond': False, 'isHybridSymbol': False, 'segment': 'EQUITY', 'quotepreopenstatus': {'equityTime': '06-Feb-2026 16:00:00', 'preOpenTime': '06-Feb-2026 09:07:55', 'QuotePreOpenFlag': False}}"
0,TITAN,TITANEQN,4097.6,4154.0,4065.3,4140.8,4097.6,43.2,1.05,1704334313062.29,4312.1,2925.0,888701,0,3663696533.53,,3.9725423807425657,-41.56581196581197,18.62,0.71,05-Feb-2025,06-Jan-2026,https://nsearchives.nseindia.com/today/TITANEQN.svg,https://nsearchives.nseindia.com/30d/TITAN-EQ.svg,https://nsearchives.nseindia.com/365d/TITAN-EQ.svg,EQ,"{'symbol': 'TITAN', 'companyName': 'Titan Company Limited', 'industry': 'Gems Jewellery And Watches', 'activeSeries': ['EQ', 'T0'], 'debtSeries': [], 'isFNOSec': True, 'isCASec': False, 'isSLBSec': True, 'isDebtSec': False, 'isSuspended': False, 'tempSuspendedSeries': ['N1', 'IL'], 'isETFSec': False, 'isDelisted': False, 'isin': 'INE280A01028', 'slb_isin': 'INE280A01028', 'listingDate': '2004-09-24', 'isMunicipalBond': False, 'isHybridSymbol': False, 'segment': 'EQUITY', 'quotepreopenstatus': {'equityTime': '06-Feb-2026 16:00:00', 'preOpenTime': '06-Feb-2026 09:07:55', 'QuotePreOpenFlag': False}}"
0,BAJAJFINSV,BAJAJFINSVEQN,2000.1,2027.4,1983.0,2020.8,2000.1,20.7,1.03,1152293295585.15,2195.0,1727.25,1257237,0,2525160514.5,,7.936218678815491,-16.995223621363436,12.66,-1.0,05-Feb-2025,06-Jan-2026,https://nsearchives.nseindia.com/today/BAJAJFINSVEQN.svg,https://nsearchives.nseindia.com/30d/BAJAJFINSV-EQ.svg,https://nsearchives.nseindia.com/365d/BAJAJFINSV-EQ.svg,EQ,"{'symbol': 'BAJAJFINSV', 'companyName': 'Bajaj Finserv Limited', 'industry': 'Holding Company', 'activeSeries': ['EQ', 'T0'], 'debtSeries': [], 'isFNOSec': True, 'isCASec': False, 'isSLBSec': True, 'isDebtSec': False, 'isSuspended': False, 'tempSuspendedSeries': [], 'isETFSec': False, 'isDelisted': False, 'isin': 'INE918I01026', 'slb_isin': 'INE918I01026', 'listingDate': '2008-05-26', 'isMunicipalBond': False, 'isHybridSymbol': False, 'segment': 'EQUITY', 'quotepreopenstatus': {'equityTime': '06-Feb-2026 16:00:00', 'preOpenTime': '06-Feb-2026 09:07:55', 'QuotePreOpenFlag': False}}"
0,SHRIRAMFIN,SHRIRAMFINEQN,994.0,1005.0,972.9,1001.0,992.0,9.0,0.91,1398115852079.79,1041.5,525.1,3270421,0,3246056363.55,,3.8886221795487277,-90.6303561226433,75.48,-0.01,05-Feb-2025,06-Jan-2026,https://nsearchives.nseindia.com/today/SHRIRAMFINEQN.svg,https://nsearchives.nseindia.com/30d/SHRIRAMFIN-EQ.svg,https://nsearchives.nseindia.com/365d/SHRIRAMFIN-EQ.svg,EQ,"{'symbol': 'SHRIRAMFIN', 'companyName': 'Shriram Finance Limited', 'industry': 'Non Banking Financial Company (NBFC)', 'activeSeries': ['EQ', 'T0'], 'debtSeries': [], 'isFNOSec': True, 'isCASec': False, 'isSLBSec': True, 'isDebtSec': True, 'isSuspended': False, 'tempSuspendedSeries': ['N1', 'N2', 'N3', 'N4', 'N5', 'N6', 'N7', 'N8', 'N9', 'NA', 'NB', 'NC', 'ND', 'NE', 'NF', 'NG', 'NH', 'NI', 'NJ', 'NK', 'NL', 'NM', 'NN', 'NO', 'NP', 'NQ', 'NR', 'NS', 'NT', 'NU', 'NV', 'NW', 'NX', 'NY', 'NZ', 'Y1', 'Y2', 'Y3', 'Y4', 'Y5', 'Y6', 'Y7', 'Y8', 'Y9', 'YA', 'YB', 'YC', 'YD', 'YG', 'YH', 'YJ', 'YK', 'YM', 'YN', 'YO', 'YQ', 'YR', 'YT', 'YU', 'YV', 'YX', 'YY', 'Z1', 'Z2', 'Z3', 'Z6', 'Z7', 'ZA', 'ZD', 'ZG', 'ZJ'], 'isETFSec': False, 'isDelisted': False, 'isin': 'INE721A01047', 'slb_isin': 'INE721A01047', 'listingDate': '1996-12-11', 'isMunicipalBond': False, 'isHybridSymbol': False, 'segment': 'EQUITY', 'quotepreopenstatus': {'equityTime': '06-Feb-2026 16:00:00', 'preOpenTime': '06-Feb-2026 09:07:55', 'QuotePreOpenFlag': False}}"
0,AXISBANK,AXISBANKEQN,1325.0,1346.4,1324.7,1341.9,1330.6,11.3,0.85,3836384584821.13,1418.3,978.05,5876574,0,7860740445.36,,5.3867305929633975,-37.201574561627744,32.4,3.69,05-Feb-2025,06-Jan-2026,https://nsearchives.nseindia.com/today/AXISBANKEQN.svg,https://nsearchives.nseindia.com/30d/AXISBANK-EQ.svg,https://nsearchives.nseindia.com/365d/AXISBANK-EQ.svg,EQ,"{'symbol': 'AXISBANK', 'companyName': 'Axis Bank Limited', 'industry': 'Private Sector Bank', 'activeSeries': ['EQ'], 'debtSeries': [], 'isFNOSec': True, 'isCASec': False, 'isSLBSec': True, 'isDebtSec': True, 'isSuspended': False, 'tempSuspendedSeries': ['IL'], 'isETFSec': False, 'isDelisted': False, 'isin': 'INE238A01034', 'slb_isin': 'INE238A01034', 'listingDate': '1998-11-16', 'isMunicipalBond': False, 'isHybridSymbol': False, 'segment': 'EQUITY', 'quotepreopenstatus': {'equityTime': '06-Feb-2026 16:00:00', 'preOpenTime': '06-Feb-2026 09:07:55', 'QuotePreOpenFlag': False}}"
0,ICICIBANK,ICICIBANKEQN,1396.7,1410.5,1394.7,1408.0,1396.5,11.5,0.82,10033648661268.82,1500.0,1200.1,10851190,0,15220638677.3,,6.133333333333334,-17.323556370302484,10.92,-0.36,05-Feb-2025,06-Jan-2026,https://nsearchives.nseindia.com/today/ICICIBANKEQN.svg,https://nsearchives.nseindia.com/30d/ICICIBANK-EQ.svg,https://nsearchives.nseindia.com/365d/ICICIBANK-EQ.svg,EQ,"{'symbol': 'ICICIBANK', 'companyName': 'ICICI Bank Limited', 'industry': 'Private Sector Bank', 'activeSeries': ['EQ', 'T0'], 'debtSeries': [], 'isFNOSec': True, 'isCASec': False, 'isSLBSec': True, 'isDebtSec': True, 'isSuspended': False, 'tempSuspendedSeries': ['E2', 'IL'], 'isETFSec': False, 'isDelisted': False, 'isin': 'INE090A01021', 'slb_isin': 'INE090A01021', 'listingDate': '1997-09-17', 'isMunicipalBond': False, 'isHybridSymbol': False, 'segment': 'EQUITY', 'quotepreopenstatus': {'equityTime': '06-Feb-2026 16:00:00', 'preOpenTime': '06-Feb-2026 09:07:55', 'QuotePreOpenFlag': False}}"
0,RELIANCE,RELIANCEEQN,1441.5,1452.8,1433.5,1451.0,1443.4,7.6,0.53,9769839081701.31,1611.8,1114.85,8277304,0,11942328665.12,,9.976423873929766,-30.152038390814916,13.5,-3.77,05-Feb-2025,06-Jan-2026,https://nsearchives.nseindia.com/today/RELIANCEEQN.svg,https://nsearchives.nseindia.com/30d/RELIANCE-EQ.svg,https://nsearchives.nseindia.com/365d/RELIANCE-EQ.svg,EQ,"{'symbol': 'RELIANCE', 'companyName': 'Reliance Industries Limited', 'industry': 'Refineries & Marketing', 'activeSeries': ['EQ', 'T0'], 'debtSeries': [], 'isFNOSec': True, 'isCASec': False, 'isSLBSec': True, 'isDebtSec': False, 'isSuspended': False, 'tempSuspendedSeries': [], 'isETFSec': False, 'isDelisted': False, 'isin': 'INE002A01018', 'slb_isin': 'INE002A01018', 'listingDate': '1995-11-29', 'isMunicipalBond': False, 'isHybridSymbol': False, 'segment': 'EQUITY', 'quotepreopenstatus': {'equityTime': '06-Feb-2026 16:00:00', 'preOpenTime': '06-Feb-2026 09:07:55', 'QuotePreOpenFlag': False}}"
0,NESTLEIND,NESTLEINDEQN,1291.1,1305.2,1278.7,1300.0,1303.5,3.5,0.27,929502073535.26,1340.4,1055.0,835646,0,1080883031.62,,3.0140256639809078,-23.222748815165875,-42.05,-1.26,05-Feb-2025,06-Jan-2026,https://nsearchives.nseindia.com/today/NESTLEINDEQN.svg,https://nsearchives.nseindia.com/30d/NESTLEIND-EQ.svg,https://nsearchives.nseindia.com/365d/NESTLEIND-EQ.svg,EQ,"{'symbol': 'NESTLEIND', 'companyName': 'Nestle India Limited', 'industry': 'Packaged Foods', 'activeSeries': ['EQ', 'T0'], 'debtSeries': [], 'isFNOSec': True, 'isCASec': False, 'isSLBSec': False, 'isDebtSec': False, 'isSuspended': False, 'tempSuspendedSeries': [], 'isETFSec': False, 'isDelisted': False, 'isin': 'INE239A01024', 'listingDate': '2023-08-01', 'isMunicipalBond': False, 'isHybridSymbol': False, 'segment': 'EQUITY', 'quotepreopenstatus': {'equityTime': '06-Feb-2026 16:00:00', 'preOpenTime': '06-Feb-2026 09:07:55', 'QuotePreOpenFlag': False}}"
0,HINDALCO,HINDALCOEQN,926.0,944.0,922.0,937.7,935.45,2.25,0.24,1352875937453.77,1029.8,546.45,3830296,0,3582399242.88,,8.943484171683814,-71.59849940525207,56.93,0.03,05-Feb-2025,06-Jan-2026,https://nsearchives.nseindia.com/today/HINDALCOEQN.svg,https://nsearchives.nseindia.com/30d/HINDALCO-EQ.svg,https://nsearchives.nseindia.com/365d/HINDALCO-EQ.svg,EQ,"{'symbol': 'HINDALCO', 'companyName': 'Hindalco Industries Limited', 'industry': 'Aluminium', 'activeSeries': ['EQ', 'T0'], 'debtSeries': [], 'isFNOSec': True, 'isCASec': False, 'isSLBSec': True, 'isDebtSec': False, 'isSuspended': False, 'tempSuspendedSeries': ['E1', 'E2', 'P1'], 'isETFSec': False, 'isDelisted': False, 'isin': 'INE038A01020', 'slb_isin': 'INE038A01020', 'listingDate': '1997-01-08', 'isMunicipalBond': False, 'isHybridSymbol': False, 'segment': 'EQUITY', 'quotepreopenstatus': {'equityTime': '06-Feb-2026 16:00:00', 'preOpenTime': '06-Feb-2026 09:07:55', 'QuotePreOpenFlag': False}}"
0,M&M,M&MEQN,3577.0,3590.0,3530.6,3580.0,3572.0,8.0,0.22,3186929391774.52,3839.9,2425.0,1462031,0,5211570322.91,,6.768405427224669,-47.628865979381445,12.56,-5.48,05-Feb-2025,06-Jan-2026,https://nsearchives.nseindia.com/today/M&MEQN.svg,https://nsearchives.nseindia.com/30d/M&M-EQ.svg,https://nsearchives.nseindia.com/365d/M&M-EQ.svg,EQ,"{'symbol': 'M&M', 'companyName': 'Mahindra & Mahindra Limited', 'industry': 'Passenger Cars & Utility Vehicles', 'activeSeries': ['EQ', 'T0'], 'debtSeries': [], 'isFNOSec': True, 'isCASec': False, 'isSLBSec': True, 'isDebtSec': False, 'isSuspended': False, 'tempSuspendedSeries': [], 'isETFSec': False, 'isDelisted': False, 'isin': 'INE101A01026', 'slb_isin': 'INE101A01026', 'listingDate': '1996-01-03', 'isMunicipalBond': False, 'isHybridSymbol': False, 'segment': 'EQUITY', 'quotepreopenstatus': {'equityTime': '06-Feb-2026 16:00:00', 'preOpenTime': '06-Feb-2026 09:07:55', 'QuotePreOpenFlag': False}}"
0,TATACONSUM,TATACONSUMEQN,1146.0,1162.0,1146.0,1157.2,1155.9,1.3,0.11,751368798757.69,1220.9,930.1,830634,0,958119706.32,,5.217462527643545,-24.416729383937213,14.18,-4.22,05-Feb-2025,06-Jan-2026,https://nsearchives.nseindia.com/today/TATACONSUMEQN.svg,https://nsearchives.nseindia.com/30d/TATACONSUM-EQ.svg,https://nsearchives.nseindia.com/365d/TATACONSUM-EQ.svg,EQ,"{'symbol': 'TATACONSUM', 'companyName': 'TATA CONSUMER PRODUCTS LIMITED', 'industry': 'Tea & Coffee', 'activeSeries': ['EQ', 'T0'], 'debtSeries': [], 'isFNOSec': True, 'isCASec': False, 'isSLBSec': True, 'isDebtSec': False, 'isSuspended': False, 'tempSuspendedSeries': [], 'isETFSec': False, 'isDelisted': False, 'isin': 'INE192A01025', 'slb_isin': 'INE192A01025', 'listingDate': '1998-11-18', 'isMunicipalBond': False, 'isHybridSymbol': False, 'segment': 'EQUITY', 'quotepreopenstatus': {'equityTime': '06-Feb-2026 16:00:00', 'preOpenTime': '06-Feb-2026 09:07:55', 'QuotePreOpenFlag': False}}"
0,APOLLOHOSP,APOLLOHOSPEQN,7080.0,7176.5,6994.0,7128.5,7122.0,6.5,0.09,731729417164.06,8099.5,6001.0,668962,0,4745536152.56,,11.988394345329958,-18.788535244125978,2.99,-2.66,05-Feb-2025,06-Jan-2026,https://nsearchives.nseindia.com/today/APOLLOHOSPEQN.svg,https://nsearchives.nseindia.com/30d/APOLLOHOSP-EQ.svg,https://nsearchives.nseindia.com/365d/APOLLOHOSP-EQ.svg,EQ,"{'symbol': 'APOLLOHOSP', 'companyName': 'Apollo Hospitals Enterprise Limited', 'industry': 'Hospital', 'activeSeries': ['EQ'], 'debtSeries': [], 'isFNOSec': True, 'isCASec': False, 'isSLBSec': True, 'isDebtSec': False, 'isSuspended': False, 'tempSuspendedSeries': [], 'isETFSec': False, 'isDelisted': False, 'isin': 'INE437A01024', 'slb_isin': 'INE437A01024', 'listingDate': '1996-01-10', 'isMunicipalBond': False, 'isHybridSymbol': False, 'segment': 'EQUITY', 'quotepreopenstatus': {'equityTime': '06-Feb-2026 16:00:00', 'preOpenTime': '06-Feb-2026 09:07:55', 'QuotePreOpenFlag': False}}"
0,LT,LTEQN,4055.0,4078.0,4042.3,4065.4,4063.3,2.1,0.05,4761199861895.59,4195.0,2965.3,1630836,0,6625401716.88,,3.0893921334922507,-37.09911307456243,20.24,-1.75,05-Feb-2025,06-Jan-2026,https://nsearchives.nseindia.com/today/LTEQN.svg,https://nsearchives.nseindia.com/30d/LT-EQ.svg,https://nsearchives.nseindia.com/365d/LT-EQ.svg,EQ,"{'symbol': 'LT', 'companyName': 'Larsen & Toubro Limited', 'industry': 'Civil Construction', 'activeSeries': ['EQ'], 'debtSeries': [], 'isFNOSec': True, 'isCASec': False, 'isSLBSec': True, 'isDebtSec': True, 'isSuspended': False, 'tempSuspendedSeries': [], 'isETFSec': False, 'isDelisted': False, 'isin': 'INE018A01030', 'slb_isin': 'INE018A01030', 'listingDate': '2004-06-23', 'isMunicipalBond': False, 'isHybridSymbol': False, 'segment': 'EQUITY', 'quotepreopenstatus': {'equityTime': '06-Feb-2026 16:00:00', 'preOpenTime': '06-Feb-2026 09:07:55', 'QuotePreOpenFlag': False}}"
0,COALINDIA,COALINDIAEQN,430.55,434.2,427.05,432.0,431.85,0.15,0.03,978173778407.63,461.55,349.25,4738027,0,2038583497.02,,6.402339941501464,-23.693629205440228,13.05,1.35,05-Feb-2025,06-Jan-2026,https://nsearchives.nseindia.com/today/COALINDIAEQN.svg,https://nsearchives.nseindia.com/30d/COALINDIA-EQ.svg,https://nsearchives.nseindia.com/365d/COALINDIA-EQ.svg,EQ,"{'symbol': 'COALINDIA', 'companyName': 'Coal India Limited', 'industry': 'Coal', 'activeSeries': ['EQ', 'T0'], 'debtSeries': [], 'isFNOSec': True, 'isCASec': False, 'isSLBSec': True, 'isDebtSec': False, 'isSuspended': False, 'tempSuspendedSeries': [], 'isETFSec': False, 'isDelisted': False, 'isin': 'INE522F01014', 'slb_isin': 'INE522F01014', 'listingDate': '2010-11-04', 'isMunicipalBond': False, 'isHybridSymbol': False, 'segment': 'EQUITY', 'quotepreopenstatus': {'equityTime': '06-Feb-2026 16:00:00', 'preOpenTime': '06-Feb-2026 09:07:55', 'QuotePreOpenFlag': False}}"
0,MAXHEALTH,MAXHEALTHEQN,1042.7,1042.7,1008.0,1040.0,1040.8,-0.8,-0.08,771433308358.97,1314.3,933.8,3384955,0,3483457190.5,,20.870425321463895,-11.372884986078393,-11.1,-1.12,05-Feb-2025,06-Jan-2026,https://nsearchives.nseindia.com/today/MAXHEALTHEQN.svg,https://nsearchives.nseindia.com/30d/MAXHEALTH-EQ.svg,https://nsearchives.nseindia.com/365d/MAXHEALTH-EQ.svg,EQ,"{'symbol': 'MAXHEALTH', 'companyName': 'Max Healthcare Institute Limited', 'industry': 'Hospital', 'activeSeries': ['EQ', 'T0'], 'debtSeries': [], 'isFNOSec': True, 'isCASec': False, 'isSLBSec': True, 'isDebtSec': False, 'isSuspended': False, 'tempSuspendedSeries': [], 'isETFSec': False, 'isDelisted': False, 'isin': 'INE027H01010', 'slb_isin': 'INE027H01010', 'listingDate': '2020-08-21', 'isMunicipalBond': False, 'isHybridSymbol': False, 'segment': 'EQUITY', 'quotepreopenstatus': {'equityTime': '06-Feb-2026 16:00:00', 'preOpenTime': '06-Feb-2026 09:07:55', 'QuotePreOpenFlag': False}}"
0,NTPC,NTPCEQN,361.8,365.95,361.0,363.7,367.0,-0.55,-0.15,1719463342027.11,371.45,292.8,7328789,0,2661889452.69,,2.086418091263966,-24.214480874316934,14.22,4.06,05-Feb-2025,06-Jan-2026,https://nsearchives.nseindia.com/today/NTPCEQN.svg,https://nsearchives.nseindia.com/30d/NTPC-EQ.svg,https://nsearchives.nseindia.com/365d/NTPC-EQ.svg,EQ,"{'symbol': 'NTPC', 'companyName': 'NTPC Limited', 'industry': 'Power Generation', 'activeSeries': ['EQ', 'T0'], 'debtSeries': [], 'isFNOSec': True, 'isCASec': False, 'isSLBSec': False, 'isDebtSec': True, 'isSuspended': False, 'tempSuspendedSeries': ['N1', 'N4', 'U1', 'U4'], 'isETFSec': False, 'isDelisted': False, 'isin': 'INE733E01010', 'listingDate': '2004-11-05', 'isMunicipalBond': False, 'isHybridSymbol': False, 'segment': 'EQUITY', 'quotepreopenstatus': {'equityTime': '06-Feb-2026 16:00:00', 'preOpenTime': '06-Feb-2026 09:07:55', 'QuotePreOpenFlag': False}}"
0,ONGC,ONGCEQN,268.0,269.95,264.7,268.4,269.2,-0.8,-0.3,1039692827235.38,277.77,205.0,10013728,0,2679072789.12,,3.373294452244665,-30.926829268292675,2.79,11.19,05-Feb-2025,06-Jan-2026,https://nsearchives.nseindia.com/today/ONGCEQN.svg,https://nsearchives.nseindia.com/30d/ONGC-EQ.svg,https://nsearchives.nseindia.com/365d/ONGC-EQ.svg,EQ,"{'symbol': 'ONGC', 'companyName': 'Oil & Natural Gas Corporation Limited', 'industry': 'Oil Exploration & Production', 'activeSeries': ['EQ', 'T0'], 'debtSeries': [], 'isFNOSec': True, 'isCASec': False, 'isSLBSec': True, 'isDebtSec': False, 'isSuspended': False, 'tempSuspendedSeries': [], 'isETFSec': False, 'isDelisted': False, 'isin': 'INE213A01029', 'slb_isin': 'INE213A01029', 'listingDate': '1995-07-19', 'isMunicipalBond': False, 'isHybridSymbol': False, 'segment': 'EQUITY', 'quotepreopenstatus': {'equityTime': '06-Feb-2026 16:00:00', 'preOpenTime': '06-Feb-2026 09:07:55', 'QuotePreOpenFlag': False}}"
0,ULTRACEMCO,ULTRACEMCOEQN,12725.0,12775.0,12622.0,12733.0,12773.0,-40.0,-0.31,1505234960502.34,13097.0,10047.85,124704,0,1583306830.08,,2.779262426509888,-26.723627442686738,9.81,4.24,05-Feb-2025,06-Jan-2026,https://nsearchives.nseindia.com/today/ULTRACEMCOEQN.svg,https://nsearchives.nseindia.com/30d/ULTRACEMCO-EQ.svg,https://nsearchives.nseindia.com/365d/ULTRACEMCO-EQ.svg,EQ,"{'symbol': 'ULTRACEMCO', 'companyName': 'UltraTech Cement Limited', 'industry': 'Cement & Cement Products', 'activeSeries': ['EQ', 'T0'], 'debtSeries': [], 'isFNOSec': True, 'isCASec': False, 'isSLBSec': True, 'isDebtSec': True, 'isSuspended': False, 'tempSuspendedSeries': [], 'isETFSec': False, 'isDelisted': False, 'isin': 'INE481G01011', 'slb_isin': 'INE481G01011', 'listingDate': '2004-08-24', 'isMunicipalBond': False, 'isHybridSymbol': False, 'segment': 'EQUITY', 'quotepreopenstatus': {'equityTime': '06-Feb-2026 16:00:00', 'preOpenTime': '06-Feb-2026 09:07:55', 'QuotePreOpenFlag': False}}"
0,JSWSTEEL,JSWSTEELEQN,1233.9,1238.6,1222.4,1236.0,1239.8,-3.8,-0.31,1157944775004.8,1245.0,905.2,918161,0,1130348007.1,,0.7228915662650602,-36.54441007512151,30.14,5.09,05-Feb-2025,06-Jan-2026,https://nsearchives.nseindia.com/today/JSWSTEELEQN.svg,https://nsearchives.nseindia.com/30d/JSWSTEEL-EQ.svg,https://nsearchives.nseindia.com/365d/JSWSTEEL-EQ.svg,EQ,"{'symbol': 'JSWSTEEL', 'companyName': 'JSW Steel Limited', 'industry': 'Iron & Steel', 'activeSeries': ['EQ', 'T0'], 'debtSeries': [], 'isFNOSec': True, 'isCASec': False, 'isSLBSec': True, 'isDebtSec': False, 'isSuspended': False, 'tempSuspendedSeries': ['P1', 'P2'], 'isETFSec': False, 'isDelisted': False, 'isin': 'INE019A01038', 'slb_isin': 'INE019A01038', 'listingDate': '2005-03-23', 'isMunicipalBond': False, 'isHybridSymbol': False, 'segment': 'EQUITY', 'quotepreopenstatus': {'equityTime': '06-Feb-2026 16:00:00', 'preOpenTime': '06-Feb-2026 09:07:55', 'QuotePreOpenFlag': False}}"
0,SUNPHARMA,SUNPHARMAEQN,1709.0,1709.0,1689.6,1694.7,1702.6,-7.9,-0.46,1789469196024.62,1851.2,1548.0,1277116,0,2164788246.96,,8.453975799481418,-9.476744186046513,-3.29,-3.7,05-Feb-2025,06-Jan-2026,https://nsearchives.nseindia.com/today/SUNPHARMAEQN.svg,https://nsearchives.nseindia.com/30d/SUNPHARMA-EQ.svg,https://nsearchives.nseindia.com/365d/SUNPHARMA-EQ.svg,EQ,"{'symbol': 'SUNPHARMA', 'companyName': 'Sun Pharmaceutical Industries Limited', 'industry': 'Pharmaceuticals', 'activeSeries': ['EQ'], 'debtSeries': [], 'isFNOSec': True, 'isCASec': False, 'isSLBSec': True, 'isDebtSec': False, 'isSuspended': False, 'tempSuspendedSeries': ['P1'], 'isETFSec': False, 'isDelisted': False, 'isin': 'INE044A01036', 'slb_isin': 'INE044A01036', 'listingDate': '1995-02-08', 'isMunicipalBond': False, 'isHybridSymbol': False, 'segment': 'EQUITY', 'quotepreopenstatus': {'equityTime': '06-Feb-2026 16:00:00', 'preOpenTime': '06-Feb-2026 09:07:55', 'QuotePreOpenFlag': False}}"
0,MARUTI,MARUTIEQN,15084.0,15118.0,14871.0,14980.0,15059.0,-79.0,-0.52,1960212311707.7,17370.0,11059.45,276529,0,4146903546.83,,13.759355210132412,-35.44977372292473,14.6,-13.27,05-Feb-2025,06-Jan-2026,https://nsearchives.nseindia.com/today/MARUTIEQN.svg,https://nsearchives.nseindia.com/30d/MARUTI-EQ.svg,https://nsearchives.nseindia.com/365d/MARUTI-EQ.svg,EQ,"{'symbol': 'MARUTI', 'companyName': 'Maruti Suzuki India Limited', 'industry': 'Passenger Cars & Utility Vehicles', 'activeSeries': ['EQ'], 'debtSeries': [], 'isFNOSec': True, 'isCASec': False, 'isSLBSec': True, 'isDebtSec': False, 'isSuspended': False, 'tempSuspendedSeries': ['IL'], 'isETFSec': False, 'isDelisted': False, 'isin': 'INE585B01010', 'slb_isin': 'INE585B01010', 'listingDate': '2003-07-09', 'isMunicipalBond': False, 'isHybridSymbol': False, 'segment': 'EQUITY', 'quotepreopenstatus': {'equityTime': '06-Feb-2026 16:00:00', 'preOpenTime': '06-Feb-2026 09:07:55', 'QuotePreOpenFlag': False}}"
0,CIPLA,CIPLAEQN,1328.0,1335.7,1316.5,1326.1,1333.3,-7.2,-0.54,744027711385.21,1673.0,1281.7,1457970,0,1934915726.1,,20.73520621637777,-3.464149176874453,-7.43,-13.12,05-Feb-2025,06-Jan-2026,https://nsearchives.nseindia.com/today/CIPLAEQN.svg,https://nsearchives.nseindia.com/30d/CIPLA-EQ.svg,https://nsearchives.nseindia.com/365d/CIPLA-EQ.svg,EQ,"{'symbol': 'CIPLA', 'companyName': 'Cipla Limited', 'industry': 'Pharmaceuticals', 'activeSeries': ['EQ', 'T0'], 'debtSeries': [], 'isFNOSec': True, 'isCASec': False, 'isSLBSec': True, 'isDebtSec': False, 'isSuspended': False, 'tempSuspendedSeries': [], 'isETFSec': False, 'isDelisted': False, 'isin': 'INE059A01026', 'slb_isin': 'INE059A01026', 'listingDate': '1995-02-08', 'isMunicipalBond': False, 'isHybridSymbol': False, 'segment': 'EQUITY', 'quotepreopenstatus': {'equityTime': '06-Feb-2026 16:00:00', 'preOpenTime': '06-Feb-2026 09:07:55', 'QuotePreOpenFlag': False}}"
0,DRREDDY,DRREDDYEQN,1244.9,1248.9,1225.0,1237.6,1244.9,-7.3,-0.59,752070146499.75,1379.7,1020.0,1324651,0,1634645827.02,,10.299340436326748,-21.333333333333325,1.11,-1.19,05-Feb-2025,06-Jan-2026,https://nsearchives.nseindia.com/today/DRREDDYEQN.svg,https://nsearchives.nseindia.com/30d/DRREDDY-EQ.svg,https://nsearchives.nseindia.com/365d/DRREDDY-EQ.svg,EQ,"{'symbol': 'DRREDDY', 'companyName': ""Dr. Reddy's Laboratories Limited"", 'industry': 'Pharmaceuticals', 'activeSeries': ['EQ', 'T0'], 'debtSeries': [], 'isFNOSec': True, 'isCASec': False, 'isSLBSec': True, 'isDebtSec': False, 'isSuspended': False, 'tempSuspendedSeries': ['N1'], 'isETFSec': False, 'isDelisted': False, 'isin': 'INE089A01031', 'slb_isin': 'INE089A01031', 'listingDate': '2003-05-30', 'isMunicipalBond': False, 'isHybridSymbol': False, 'segment': 'EQUITY', 'quotepreopenstatus': {'equityTime': '06-Feb-2026 16:00:00', 'preOpenTime': '06-Feb-2026 09:07:55', 'QuotePreOpenFlag': False}}"
0,TATASTEEL,TATASTEELEQN,197.6,197.6,194.37,196.51,197.76,-1.25,-0.63,1619750549291.37,202.99,125.3,18446912,0,3617992850.56,,3.192275481550824,-56.8316041500399,46.62,5.83,05-Feb-2025,06-Jan-2026,https://nsearchives.nseindia.com/today/TATASTEELEQN.svg,https://nsearchives.nseindia.com/30d/TATASTEEL-EQ.svg,https://nsearchives.nseindia.com/365d/TATASTEEL-EQ.svg,EQ,"{'symbol': 'TATASTEEL', 'companyName': 'Tata Steel Limited', 'industry': 'Iron & Steel', 'activeSeries': ['EQ', 'T0'], 'debtSeries': [], 'isFNOSec': True, 'isCASec': False, 'isSLBSec': True, 'isDebtSec': False, 'isSuspended': False, 'tempSuspendedSeries': ['B1', 'E1', 'Q1', 'IL'], 'isETFSec': False, 'isDelisted': False, 'isin': 'INE081A01020', 'slb_isin': 'INE081A01020', 'listingDate': '1998-11-18', 'isMunicipalBond': False, 'isHybridSymbol': False, 'segment': 'EQUITY', 'quotepreopenstatus': {'equityTime': '06-Feb-2026 16:00:00', 'preOpenTime': '06-Feb-2026 09:07:55', 'QuotePreOpenFlag': False}}"
0,INDIGO,INDIGOEQN,4911.0,4931.3,4870.0,4901.2,4932.2,-31.0,-0.63,1104978726599.72,6232.5,4157.85,463970,0,2273499397.0,,21.36060970718011,-17.87823033538967,11.19,-1.86,05-Feb-2025,06-Jan-2026,https://nsearchives.nseindia.com/today/INDIGOEQN.svg,https://nsearchives.nseindia.com/30d/INDIGO-EQ.svg,https://nsearchives.nseindia.com/365d/INDIGO-EQ.svg,EQ,"{'symbol': 'INDIGO', 'companyName': 'InterGlobe Aviation Limited', 'industry': 'Airline', 'activeSeries': ['EQ', 'T0'], 'debtSeries': [], 'isFNOSec': True, 'isCASec': False, 'isSLBSec': True, 'isDebtSec': False, 'isSuspended': False, 'tempSuspendedSeries': [], 'isETFSec': False, 'isDelisted': False, 'isin': 'INE646L01027', 'slb_isin': 'INE646L01027', 'listingDate': '2015-11-10', 'isMunicipalBond': False, 'isHybridSymbol': False, 'segment': 'EQUITY', 'quotepreopenstatus': {'equityTime': '06-Feb-2026 16:00:00', 'preOpenTime': '06-Feb-2026 09:07:55', 'QuotePreOpenFlag': False}}"
0,BEL,BELEQN,433.0,433.4,425.55,430.0,432.9,-2.9,-0.67,1535857922152.34,461.65,240.25,11078888,0,4748965341.2,,6.855843171233614,-78.9802289281998,48.69,4.01,05-Feb-2025,06-Jan-2026,https://nsearchives.nseindia.com/today/BELEQN.svg,https://nsearchives.nseindia.com/30d/BEL-EQ.svg,https://nsearchives.nseindia.com/365d/BEL-EQ.svg,EQ,"{'symbol': 'BEL', 'companyName': 'Bharat Electronics Limited', 'industry': 'Aerospace & Defense', 'activeSeries': ['EQ', 'T0'], 'debtSeries': [], 'isFNOSec': True, 'isCASec': False, 'isSLBSec': True, 'isDebtSec': False, 'isSuspended': False, 'tempSuspendedSeries': [], 'isETFSec': False, 'isDelisted': False, 'isin': 'INE263A01024', 'slb_isin': 'INE263A01024', 'listingDate': '2000-07-19', 'isMunicipalBond': False, 'isHybridSymbol': False, 'segment': 'EQUITY', 'quotepreopenstatus': {'equityTime': '06-Feb-2026 16:00:00', 'preOpenTime': '06-Feb-2026 09:07:55', 'QuotePreOpenFlag': False}}"
0,GRASIM,GRASIMEQN,2864.0,2879.0,2820.7,2844.6,2863.9,-19.3,-0.67,1083664768458.51,2977.8,2301.65,361882,0,1029351636.08,,4.473100947007867,-23.589598766102572,13.93,-0.99,05-Feb-2025,06-Jan-2026,https://nsearchives.nseindia.com/today/GRASIMEQN.svg,https://nsearchives.nseindia.com/30d/GRASIM-EQ.svg,https://nsearchives.nseindia.com/365d/GRASIM-EQ.svg,EQ,"{'symbol': 'GRASIM', 'companyName': 'Grasim Industries Limited', 'industry': 'Cement & Cement Products', 'activeSeries': ['EQ'], 'debtSeries': [], 'isFNOSec': True, 'isCASec': False, 'isSLBSec': True, 'isDebtSec': False, 'isSuspended': False, 'tempSuspendedSeries': ['IL'], 'isETFSec': False, 'isDelisted': False, 'isin': 'INE047A01021', 'slb_isin': 'INE047A01021', 'listingDate': '1995-05-10', 'isMunicipalBond': False, 'isHybridSymbol': False, 'segment': 'EQUITY', 'quotepreopenstatus': {'equityTime': '06-Feb-2026 16:00:00', 'preOpenTime': '06-Feb-2026 09:07:55', 'QuotePreOpenFlag': False}}"
0,SBIN,SBINEQN,1070.0,1073.6,1051.0,1066.0,1073.5,-7.5,-0.7,4410589460837.36,1089.8,680.0,7041557,0,7472993197.39,,2.183886951734259,-56.76470588235294,39.21,4.66,05-Feb-2025,06-Jan-2026,https://nsearchives.nseindia.com/today/SBINEQN.svg,https://nsearchives.nseindia.com/30d/SBIN-EQ.svg,https://nsearchives.nseindia.com/365d/SBIN-EQ.svg,EQ,"{'symbol': 'SBIN', 'companyName': 'State Bank of India', 'industry': 'Public Sector Bank', 'activeSeries': ['EQ', 'T0'], 'debtSeries': [], 'isFNOSec': True, 'isCASec': False, 'isSLBSec': True, 'isDebtSec': True, 'isSuspended': False, 'tempSuspendedSeries': ['N1', 'N3', 'N4', 'IL', 'N2', 'N5', 'N6'], 'isETFSec': False, 'isDelisted': False, 'isin': 'INE062A01020', 'slb_isin': 'INE062A01020', 'listingDate': '1995-03-01', 'isMunicipalBond': False, 'isHybridSymbol': False, 'segment': 'EQUITY', 'quotepreopenstatus': {'equityTime': '06-Feb-2026 16:00:00', 'preOpenTime': '06-Feb-2026 09:07:55', 'QuotePreOpenFlag': False}}"
0,JIOFIN,JIOFINEQN,269.95,270.4,266.5,268.0,269.95,-1.95,-0.72,876077391507.18,338.6,198.65,8939766,0,2397555843.54,,20.850561134081516,-34.91064686634784,7.32,-10.2,05-Feb-2025,06-Jan-2026,https://nsearchives.nseindia.com/today/JIOFINEQN.svg,https://nsearchives.nseindia.com/30d/JIOFIN-EQ.svg,https://nsearchives.nseindia.com/365d/JIOFIN-EQ.svg,EQ,"{'symbol': 'JIOFIN', 'companyName': 'Jio Financial Services Limited', 'industry': 'Investment Company', 'activeSeries': ['EQ', 'T0'], 'debtSeries': [], 'isFNOSec': True, 'isCASec': False, 'isSLBSec': True, 'isDebtSec': False, 'isSuspended': False, 'tempSuspendedSeries': [], 'isETFSec': False, 'isDelisted': False, 'isin': 'INE758E01017', 'slb_isin': 'INE758E01017', 'listingDate': '2023-08-21', 'isMunicipalBond': False, 'isHybridSymbol': False, 'segment': 'EQUITY', 'quotepreopenstatus': {'equityTime': '06-Feb-2026 16:00:00', 'preOpenTime': '06-Feb-2026 09:07:55', 'QuotePreOpenFlag': False}}"
0,EICHERMOT,EICHERMOTEQN,7209.5,7209.5,7110.5,7155.0,7209.5,-54.5,-0.76,982104303061.08,7613.5,4646.0,251800,0,1802971094.0,,6.02219741249097,-54.003443822643135,32.49,-4.59,05-Feb-2025,06-Jan-2026,https://nsearchives.nseindia.com/today/EICHERMOTEQN.svg,https://nsearchives.nseindia.com/30d/EICHERMOT-EQ.svg,https://nsearchives.nseindia.com/365d/EICHERMOT-EQ.svg,EQ,"{'symbol': 'EICHERMOT', 'companyName': 'Eicher Motors Limited', 'industry': '2/3 Wheelers', 'activeSeries': ['EQ'], 'debtSeries': [], 'isFNOSec': True, 'isCASec': False, 'isSLBSec': True, 'isDebtSec': False, 'isSuspended': False, 'tempSuspendedSeries': [], 'isETFSec': False, 'isDelisted': False, 'isin': 'INE066A01021', 'slb_isin': 'INE066A01021', 'listingDate': '2004-09-07', 'isMunicipalBond': False, 'isHybridSymbol': False, 'segment': 'EQUITY', 'quotepreopenstatus': {'equityTime': '06-Feb-2026 16:00:00', 'preOpenTime': '06-Feb-2026 09:07:55', 'QuotePreOpenFlag': False}}"
0,ADANIENT,ADANIENTEQN,2226.1,2238.0,2200.4,2219.0,2236.6,-17.6,-0.79,576350906298.91,2616.5,1848.0,933650,0,2073645986.5,,15.19205044907319,-20.075757575757574,-4.22,-1.45,05-Feb-2025,06-Jan-2026,https://nsearchives.nseindia.com/today/ADANIENTEQN.svg,https://nsearchives.nseindia.com/30d/ADANIENT-EQ.svg,https://nsearchives.nseindia.com/365d/ADANIENT-EQ.svg,EQ,"{'symbol': 'ADANIENT', 'companyName': 'Adani Enterprises Limited', 'industry': 'Trading - Minerals', 'activeSeries': ['EQ', 'T0'], 'debtSeries': [], 'isFNOSec': True, 'isCASec': False, 'isSLBSec': True, 'isDebtSec': True, 'isSuspended': False, 'tempSuspendedSeries': [], 'isETFSec': False, 'isDelisted': False, 'isin': 'INE423A01024', 'slb_isin': 'INE423A01024', 'listingDate': '1997-06-04', 'isMunicipalBond': False, 'isHybridSymbol': False, 'segment': 'EQUITY', 'quotepreopenstatus': {'equityTime': '06-Feb-2026 16:00:00', 'preOpenTime': '06-Feb-2026 09:07:55', 'QuotePreOpenFlag': False}}"
0,TRENT,TRENTEQN,4144.4,4157.0,4044.4,4095.0,4131.3,-36.3,-0.88,906019009682.32,6261.0,3645.0,1115797,0,4578494461.98,,34.595112601820794,-12.345679012345679,-28.46,1.64,05-Feb-2025,06-Jan-2026,https://nsearchives.nseindia.com/today/TRENTEQN.svg,https://nsearchives.nseindia.com/30d/TRENT-EQ.svg,https://nsearchives.nseindia.com/365d/TRENT-EQ.svg,EQ,"{'symbol': 'TRENT', 'companyName': 'Trent Limited', 'industry': 'Speciality Retail', 'activeSeries': ['EQ', 'T0'], 'debtSeries': [], 'isFNOSec': True, 'isCASec': False, 'isSLBSec': True, 'isDebtSec': False, 'isSuspended': False, 'tempSuspendedSeries': ['N1', 'Q1', 'Q2', 'W1', 'IL'], 'isETFSec': False, 'isDelisted': False, 'isin': 'INE849A01020', 'slb_isin': 'INE849A01020', 'listingDate': '2004-06-07', 'isMunicipalBond': False, 'isHybridSymbol': False, 'segment': 'EQUITY', 'quotepreopenstatus': {'equityTime': '06-Feb-2026 16:00:00', 'preOpenTime': '06-Feb-2026 09:07:55', 'QuotePreOpenFlag': False}}"
0,HDFCBANK,HDFCBANKEQN,945.0,948.1,937.6,941.0,949.7,-8.7,-0.92,14357511884640.64,1020.5,830.55,18120272,0,17064222547.84,,7.79029887310142,-13.298416711817476,-45.85,-2.19,05-Feb-2025,06-Jan-2026,https://nsearchives.nseindia.com/today/HDFCBANKEQN.svg,https://nsearchives.nseindia.com/30d/HDFCBANK-EQ.svg,https://nsearchives.nseindia.com/365d/HDFCBANK-EQ.svg,EQ,"{'symbol': 'HDFCBANK', 'companyName': 'HDFC Bank Limited', 'industry': 'Private Sector Bank', 'activeSeries': ['EQ', 'T0'], 'debtSeries': [], 'isFNOSec': True, 'isCASec': False, 'isSLBSec': True, 'isDebtSec': True, 'isSuspended': False, 'tempSuspendedSeries': ['W3', 'IL'], 'isETFSec': False, 'isDelisted': False, 'isin': 'INE040A01034', 'slb_isin': 'INE040A01034', 'listingDate': '1995-11-08', 'isMunicipalBond': False, 'isHybridSymbol': False, 'segment': 'EQUITY', 'quotepreopenstatus': {'equityTime': '06-Feb-2026 16:00:00', 'preOpenTime': '06-Feb-2026 09:07:55', 'QuotePreOpenFlag': False}}"
0,INFY,INFYEQN,1522.1,1525.0,1480.0,1505.7,1520.2,-14.5,-0.95,5259588630997.69,1924.0,1307.0,13900866,0,20861863658.16,,21.74116424116424,-15.202754399387914,-20.56,-6.52,05-Feb-2025,06-Jan-2026,https://nsearchives.nseindia.com/today/INFYEQN.svg,https://nsearchives.nseindia.com/30d/INFY-EQ.svg,https://nsearchives.nseindia.com/365d/INFY-EQ.svg,EQ,"{'symbol': 'INFY', 'companyName': 'Infosys Limited', 'industry': 'Computers - Software & Consulting', 'activeSeries': ['EQ', 'T0'], 'debtSeries': [], 'isFNOSec': True, 'isCASec': False, 'isSLBSec': True, 'isDebtSec': False, 'isSuspended': False, 'tempSuspendedSeries': [], 'isETFSec': False, 'isDelisted': False, 'isin': 'INE009A01021', 'slb_isin': 'INE009A01021', 'listingDate': '1995-02-08', 'isMunicipalBond': False, 'isHybridSymbol': False, 'segment': 'EQUITY', 'quotepreopenstatus': {'equityTime': '06-Feb-2026 16:00:00', 'preOpenTime': '06-Feb-2026 09:07:55', 'QuotePreOpenFlag': False}}"
0,HCLTECH,HCLTECHEQN,1612.0,1612.0,1574.1,1592.6,1610.0,-17.4,-1.08,1675654682473.33,1780.1,1302.75,3342992,0,5323380460.8,,10.533116117072074,-22.249088466705043,-6.96,-1.4,05-Feb-2025,06-Jan-2026,https://nsearchives.nseindia.com/today/HCLTECHEQN.svg,https://nsearchives.nseindia.com/30d/HCLTECH-EQ.svg,https://nsearchives.nseindia.com/365d/HCLTECH-EQ.svg,EQ,"{'symbol': 'HCLTECH', 'companyName': 'HCL Technologies Limited', 'industry': 'Computers - Software & Consulting', 'activeSeries': ['EQ', 'T0'], 'debtSeries': [], 'isFNOSec': True, 'isCASec': False, 'isSLBSec': True, 'isDebtSec': False, 'isSuspended': False, 'tempSuspendedSeries': [], 'isETFSec': False, 'isDelisted': False, 'isin': 'INE860A01027', 'slb_isin': 'INE860A01027', 'listingDate': '2000-01-06', 'isMunicipalBond': False, 'isHybridSymbol': False, 'segment': 'EQUITY', 'quotepreopenstatus': {'equityTime': '06-Feb-2026 16:00:00', 'preOpenTime': '06-Feb-2026 09:07:55', 'QuotePreOpenFlag': False}}"
0,ASIANPAINT,ASIANPAINTEQN,2432.0,2444.0,2386.1,2405.0,2432.1,-27.1,-1.11,1084452988382.94,2985.7,2124.75,1043982,0,2506339786.5,,19.449375355862944,-13.18978703376868,5.53,-15.63,05-Feb-2025,06-Jan-2026,https://nsearchives.nseindia.com/today/ASIANPAINTEQN.svg,https://nsearchives.nseindia.com/30d/ASIANPAINT-EQ.svg,https://nsearchives.nseindia.com/365d/ASIANPAINT-EQ.svg,EQ,"{'symbol': 'ASIANPAINT', 'companyName': 'Asian Paints Limited', 'industry': 'Paints', 'activeSeries': ['EQ', 'T0'], 'debtSeries': [], 'isFNOSec': True, 'isCASec': False, 'isSLBSec': True, 'isDebtSec': False, 'isSuspended': False, 'tempSuspendedSeries': [], 'isETFSec': False, 'isDelisted': False, 'isin': 'INE021A01026', 'slb_isin': 'INE021A01026', 'listingDate': '1995-05-31', 'isMunicipalBond': False, 'isHybridSymbol': False, 'segment': 'EQUITY', 'quotepreopenstatus': {'equityTime': '06-Feb-2026 16:00:00', 'preOpenTime': '06-Feb-2026 09:07:55', 'QuotePreOpenFlag': False}}"
0,ETERNAL,ETERNALEQN,286.9,288.7,281.65,283.55,286.85,-3.3,-1.15,2031547999824.29,368.45,194.8,29937539,0,8496273568.2,,23.042475234088744,-45.55954825462012,0.0,1.61,,06-Jan-2026,https://nsearchives.nseindia.com/today/ETERNALEQN.svg,https://nsearchives.nseindia.com/30d/ETERNAL-EQ.svg,,EQ,"{'symbol': 'ETERNAL', 'companyName': 'ETERNAL LIMITED', 'industry': 'E-Retail/ E-Commerce', 'activeSeries': ['EQ', 'T0'], 'debtSeries': [], 'isFNOSec': True, 'isCASec': False, 'isSLBSec': True, 'isDebtSec': False, 'isSuspended': False, 'tempSuspendedSeries': [], 'isETFSec': False, 'isDelisted': False, 'isin': 'INE758T01015', 'slb_isin': 'INE758T01015', 'listingDate': '2021-07-23', 'isMunicipalBond': False, 'isHybridSymbol': False, 'segment': 'EQUITY', 'quotepreopenstatus': {'equityTime': '06-Feb-2026 16:00:00', 'preOpenTime': '06-Feb-2026 09:07:55', 'QuotePreOpenFlag': False}}"
0,WIPRO,WIPROEQN,232.93,232.93,228.6,230.4,233.39,-2.99,-1.28,656050683057.08,323.6,226.26,12279085,0,2829223974.85,,28.800988875154516,-1.829753381066037,-27.24,-13.13,05-Feb-2025,06-Jan-2026,https://nsearchives.nseindia.com/today/WIPROEQN.svg,https://nsearchives.nseindia.com/30d/WIPRO-EQ.svg,https://nsearchives.nseindia.com/365d/WIPRO-EQ.svg,EQ,"{'symbol': 'WIPRO', 'companyName': 'Wipro Limited', 'industry': 'Computers - Software & Consulting', 'activeSeries': ['EQ', 'T0'], 'debtSeries': [], 'isFNOSec': True, 'isCASec': False, 'isSLBSec': True, 'isDebtSec': False, 'isSuspended': False, 'tempSuspendedSeries': [], 'isETFSec': False, 'isDelisted': False, 'isin': 'INE075A01022', 'slb_isin': 'INE075A01022', 'listingDate': '1995-11-08', 'isMunicipalBond': False, 'isHybridSymbol': False, 'segment': 'EQUITY', 'quotepreopenstatus': {'equityTime': '06-Feb-2026 16:00:00', 'preOpenTime': '06-Feb-2026 09:07:55', 'QuotePreOpenFlag': False}}"
0,ADANIPORTS,ADANIPORTSEQN,1563.0,1575.5,1527.0,1549.5,1570.2,-20.7,-1.32,1139910369855.16,1577.7,1036.5,4429173,0,6905302165.65,,1.7874120555238666,-49.493487698986975,35.51,5.26,05-Feb-2025,06-Jan-2026,https://nsearchives.nseindia.com/today/ADANIPORTSEQN.svg,https://nsearchives.nseindia.com/30d/ADANIPORTS-EQ.svg,https://nsearchives.nseindia.com/365d/ADANIPORTS-EQ.svg,EQ,"{'symbol': 'ADANIPORTS', 'companyName': 'Adani Ports and Special Economic Zone Limited', 'industry': 'Port & Port services', 'activeSeries': ['EQ', 'T0'], 'debtSeries': [], 'isFNOSec': True, 'isCASec': False, 'isSLBSec': True, 'isDebtSec': False, 'isSuspended': False, 'tempSuspendedSeries': [], 'isETFSec': False, 'isDelisted': False, 'isin': 'INE742F01042', 'slb_isin': 'INE742F01042', 'listingDate': '2007-11-27', 'isMunicipalBond': False, 'isHybridSymbol': False, 'segment': 'EQUITY', 'quotepreopenstatus': {'equityTime': '06-Feb-2026 16:00:00', 'preOpenTime': '06-Feb-2026 09:07:55', 'QuotePreOpenFlag': False}}"
0,BAJAJ-AUTO,BAJAJ-AUTOEQN,9620.0,9668.0,9471.5,9517.5,9647.0,-129.5,-1.34,1053173695954.1,9941.0,7089.35,198790,0,1892705432.7,,4.260134795292224,-34.25067178232136,6.62,-1.48,05-Feb-2025,06-Jan-2026,https://nsearchives.nseindia.com/today/BAJAJ-AUTOEQN.svg,https://nsearchives.nseindia.com/30d/BAJAJ-AUTO-EQ.svg,https://nsearchives.nseindia.com/365d/BAJAJ-AUTO-EQ.svg,EQ,"{'symbol': 'BAJAJ-AUTO', 'companyName': 'Bajaj Auto Limited', 'industry': '2/3 Wheelers', 'activeSeries': ['EQ', 'T0'], 'debtSeries': [], 'isFNOSec': True, 'isCASec': False, 'isSLBSec': True, 'isDebtSec': False, 'isSuspended': False, 'tempSuspendedSeries': [], 'isETFSec': False, 'isDelisted': False, 'isin': 'INE917I01010', 'slb_isin': 'INE917I01010', 'listingDate': '2008-05-26', 'isMunicipalBond': False, 'isHybridSymbol': False, 'segment': 'EQUITY', 'quotepreopenstatus': {'equityTime': '06-Feb-2026 16:00:00', 'preOpenTime': '06-Feb-2026 09:07:55', 'QuotePreOpenFlag': False}}"
0,TMPV,TMPVEQN,365.0,381.8,361.0,368.9,374.15,-5.25,-1.4,769245833621.04,744.0,335.6,23116970,0,8608066118.9,,50.416666666666664,-9.922526817640033,0.0,0.16,,06-Jan-2026,https://nsearchives.nseindia.com/today/TMPVEQN.svg,https://nsearchives.nseindia.com/30d/TMPV-EQ.svg,,EQ,"{'symbol': 'TMPV', 'companyName': 'Tata Motors Passenger Vehicles Limited', 'industry': 'Passenger Cars & Utility Vehicles', 'activeSeries': ['EQ', 'T0'], 'debtSeries': [], 'isFNOSec': True, 'isCASec': False, 'isSLBSec': True, 'isDebtSec': False, 'isSuspended': False, 'tempSuspendedSeries': [], 'isETFSec': False, 'isDelisted': False, 'isin': 'INE155A01022', 'slb_isin': 'INE155A01022', 'listingDate': '1998-07-22', 'isMunicipalBond': False, 'isHybridSymbol': False, 'segment': 'EQUITY', 'quotepreopenstatus': {'equityTime': '06-Feb-2026 16:00:00', 'preOpenTime': '06-Feb-2026 09:07:55', 'QuotePreOpenFlag': False}}"
0,SBILIFE,SBILIFEEQN,2026.0,2029.9,1974.3,1986.8,2017.8,-31.0,-1.54,889389430690.07,2109.6,1379.85,884292,0,1758573814.56,,5.821008722032611,-43.986665217233764,35.91,-4.73,05-Feb-2025,06-Jan-2026,https://nsearchives.nseindia.com/today/SBILIFEEQN.svg,https://nsearchives.nseindia.com/30d/SBILIFE-EQ.svg,https://nsearchives.nseindia.com/365d/SBILIFE-EQ.svg,EQ,"{'symbol': 'SBILIFE', 'companyName': 'SBI Life Insurance Company Limited', 'industry': 'Life Insurance', 'activeSeries': ['EQ'], 'debtSeries': [], 'isFNOSec': True, 'isCASec': False, 'isSLBSec': True, 'isDebtSec': False, 'isSuspended': False, 'tempSuspendedSeries': [], 'isETFSec': False, 'isDelisted': False, 'isin': 'INE123W01016', 'slb_isin': 'INE123W01016', 'listingDate': '2017-10-03', 'isMunicipalBond': False, 'isHybridSymbol': False, 'segment': 'EQUITY', 'quotepreopenstatus': {'equityTime': '06-Feb-2026 16:00:00', 'preOpenTime': '06-Feb-2026 09:07:55', 'QuotePreOpenFlag': False}}"
0,TCS,TCSEQN,2976.6,2985.0,2916.0,2940.3,2991.5,-51.2,-1.71,2994170959914.6,4150.0,2866.6,4687389,0,13753221191.01,,29.149397590361442,-2.5709900230238008,-28.1,-9.65,05-Feb-2025,06-Jan-2026,https://nsearchives.nseindia.com/today/TCSEQN.svg,https://nsearchives.nseindia.com/30d/TCS-EQ.svg,https://nsearchives.nseindia.com/365d/TCS-EQ.svg,EQ,"{'symbol': 'TCS', 'companyName': 'Tata Consultancy Services Limited', 'industry': 'Computers - Software & Consulting', 'activeSeries': ['EQ', 'T0'], 'debtSeries': [], 'isFNOSec': True, 'isCASec': False, 'isSLBSec': True, 'isDebtSec': False, 'isSuspended': False, 'tempSuspendedSeries': [], 'isETFSec': False, 'isDelisted': False, 'isin': 'INE467B01029', 'slb_isin': 'INE467B01029', 'listingDate': '2004-08-25', 'isMunicipalBond': False, 'isHybridSymbol': False, 'segment': 'EQUITY', 'quotepreopenstatus': {'equityTime': '06-Feb-2026 16:00:00', 'preOpenTime': '06-Feb-2026 09:07:55', 'QuotePreOpenFlag': False}}"
0,TECHM,TECHMEQN,1645.0,1645.9,1600.0,1616.0,1646.2,-30.2,-1.83,1023088272464.9,1854.0,1209.4,1988639,0,3214396306.82,,12.837108953613807,-33.6199768480238,-2.47,1.13,05-Feb-2025,06-Jan-2026,https://nsearchives.nseindia.com/today/TECHMEQN.svg,https://nsearchives.nseindia.com/30d/TECHM-EQ.svg,https://nsearchives.nseindia.com/365d/TECHM-EQ.svg,EQ,"{'symbol': 'TECHM', 'companyName': 'Tech Mahindra Limited', 'industry': 'Computers - Software & Consulting', 'activeSeries': ['EQ'], 'debtSeries': [], 'isFNOSec': True, 'isCASec': False, 'isSLBSec': True, 'isDebtSec': False, 'isSuspended': False, 'tempSuspendedSeries': [], 'isETFSec': False, 'isDelisted': False, 'isin': 'INE669C01036', 'slb_isin': 'INE669C01036', 'listingDate': '2006-08-28', 'isMunicipalBond': False, 'isHybridSymbol': False, 'segment': 'EQUITY', 'quotepreopenstatus': {'equityTime': '06-Feb-2026 16:00:00', 'preOpenTime': '06-Feb-2026 09:07:55', 'QuotePreOpenFlag': False}}"
0,HDFCLIFE,HDFCLIFEEQN,718.0,721.9,698.55,703.4,720.7,-17.3,-2.4,753878311726.27,820.75,600.35,4114496,0,2893437022.08,,14.297898263783127,-17.164987090863658,12.05,-9.56,05-Feb-2025,06-Jan-2026,https://nsearchives.nseindia.com/today/HDFCLIFEEQN.svg,https://nsearchives.nseindia.com/30d/HDFCLIFE-EQ.svg,https://nsearchives.nseindia.com/365d/HDFCLIFE-EQ.svg,EQ,"{'symbol': 'HDFCLIFE', 'companyName': 'HDFC Life Insurance Company Limited', 'industry': 'Life Insurance', 'activeSeries': ['EQ', 'T0'], 'debtSeries': [], 'isFNOSec': True, 'isCASec': False, 'isSLBSec': True, 'isDebtSec': True, 'isSuspended': False, 'tempSuspendedSeries': [], 'isETFSec': False, 'isDelisted': False, 'isin': 'INE795G01014', 'slb_isin': 'INE795G01014', 'listingDate': '2017-11-17', 'isMunicipalBond': False, 'isHybridSymbol': False, 'segment': 'EQUITY', 'quotepreopenstatus': {'equityTime': '06-Feb-2026 16:00:00', 'preOpenTime': '06-Feb-2026 09:07:55', 'QuotePreOpenFlag': False}}"
